{"stats":{"minecraft:used":{"minecraft:chicken":4,"minecraft:oak_planks":22,"minecraft:rotten_flesh":1,"minecraft:wooden_sword":73,"minecraft:salmon":3,"minecraft:sand":12,"minecraft:dirt":3,"minecraft:beef":12,"minecraft:crafting_table":1,"minecraft:loom":1,"minecraft:porkchop":2,"iceandfire:dragonbone_sword_lightning":18,"minecraft:cod":2,"minecraft:egg":2},"minecraft:picked_up":{"minecraft:feather":6,"minecraft:chicken":4,"minecraft:salmon":3,"minecraft:leather":6,"minecraft:porkchop":6,"minecraft:sand":13,"minecraft:oak_log":6,"minecraft:dirt":24,"minecraft:string":3,"minecraft:bone":2,"minecraft:arrow":3,"minecraft:rotten_flesh":4,"minecraft:wheat_seeds":8,"minecraft:beef":12,"minecraft:cod":2,"minecraft:oak_planks":1,"minecraft:egg":3},"minecraft:killed_by":{"minecraft:player":1},"minecraft:mined":{"minecraft:fire":3,"minecraft:grass":29,"minecraft:grass_block":4,"minecraft:oak_log":6,"minecraft:sand":13,"minecraft:dirt":1,"minecraft:tall_grass":4,"minecraft:oak_leaves":3},"minecraft:killed":{"minecraft:skeleton":2,"minecraft:zombie":3,"minecraft:pig":3,"minecraft:chicken":9,"minecraft:salmon":3,"minecraft:spider":2,"minecraft:cod":2,"minecraft:cow":5},"minecraft:dropped":{"minecraft:wheat_seeds":2},"minecraft:crafted":{"minecraft:wooden_sword":1,"minecraft:oak_planks":24,"minecraft:crafting_table":1,"minecraft:stick":4,"minecraft:loom":1},"minecraft:broken":{"minecraft:wooden_sword":1},"minecraft:custom":{"minecraft:time_since_rest":17200,"minecraft:sprint_one_cm":89714,"minecraft:damage_taken":786,"minecraft:walk_one_cm":43930,"minecraft:mob_kills":31,"minecraft:drop":2,"minecraft:damage_dealt":3420,"minecraft:swim_one_cm":3111,"minecraft:interact_with_crafting_table":1,"minecraft:fly_one_cm":136986,"minecraft:play_time":23084,"minecraft:crouch_one_cm":3187,"minecraft:interact_with_loom":1,"minecraft:deaths":1,"minecraft:sneak_time":795,"minecraft:walk_under_water_one_cm":5650,"minecraft:jump":569,"minecraft:leave_game":3,"minecraft:time_since_death":17167,"minecraft:walk_on_water_one_cm":3220,"minecraft:total_world_time":23084,"minecraft:fall_one_cm":14686,"minecraft:horse_one_cm":4890}},"DataVersion":3465}