{"stats":{"minecraft:dropped":{"minecraft:netherite_hoe":1,"minecraft:wheat_seeds":1},"minecraft:picked_up":{"minecraft:wheat_seeds":1,"minecraft:sand":2,"minecraft:netherite_hoe":1,"minecraft:egg":1},"minecraft:custom":{"minecraft:time_since_rest":16443,"minecraft:crouch_one_cm":2221,"minecraft:play_time":16443,"minecraft:sprint_one_cm":68046,"minecraft:walk_one_cm":28381,"minecraft:sneak_time":890,"minecraft:mob_kills":7,"minecraft:drop":2,"minecraft:jump":537,"minecraft:damage_dealt":150,"minecraft:leave_game":1,"minecraft:time_since_death":16443,"minecraft:total_world_time":16443,"minecraft:fall_one_cm":418,"minecraft:fly_one_cm":409197,"minecraft:player_kills":1,"minecraft:horse_one_cm":1721},"minecraft:used":{"minecraft:netherite_sword":1,"minecraft:sand":24,"minecraft:egg":457}},"DataVersion":3465}